{
  "buildCommand": "npm run build",
  "devCommand": "npm run dev",
  "installCommand": "npm install",
  "framework": "nextjs",
  "functions": {
    "api/**": {
      "maxDuration": 30
    }
  },
  "env": [
    {
      "key": "NEXT_PUBLIC_API_URL",
      "value": "@next-public-api-url"
    },
    {
      "key": "NODE_ENV",
      "value": "production"
    }
  ],
  "headers": [
    {
      "source": "/api/(.*)",
      "headers": [
        {
          "key": "Cache-Control",
          "value": "no-store"
        }
      ]
    },
    {
      "source": "/(.*)",
      "headers": [
        {
          "key": "X-Content-Type-Options",
          "value": "nosniff"
        },
        {
          "key": "X-Frame-Options",
          "value": "DENY"
        },
        {
          "key": "X-XSS-Protection",
          "value": "1; mode=block"
        },
        {
          "key": "Referrer-Policy",
          "value": "strict-origin-when-cross-origin"
        }
      ]
    }
  ],
  "rewrites": [
    {
      "source": "/api/:path*",
      "destination": "/api/:path*"
    }
  ]
}
